workload,structure,phase,n,run,elapsed_ns
random_access,DynamicArray,get,100,1,4800
random_access,DynamicArray,get,100,2,4700
random_access,DynamicArray,get,100,3,4700
random_access,DynamicArray,get,100,4,4800
random_access,DynamicArray,get,100,5,4800
random_access,LinkedList,get,100,1,355700
random_access,LinkedList,get,100,2,352800
random_access,LinkedList,get,100,3,352700
random_access,LinkedList,get,100,4,348400
random_access,LinkedList,get,100,5,348000
search,DynamicArray,contains,100,1,45600
search,DynamicArray,contains,100,2,43100
search,DynamicArray,contains,100,3,42800
search,DynamicArray,contains,100,4,42600
search,DynamicArray,contains,100,5,45100
search,LinkedList,contains,100,1,128200
search,LinkedList,contains,100,2,127800
search,LinkedList,contains,100,3,127400
search,LinkedList,contains,100,4,127500
search,LinkedList,contains,100,5,126300
update,DynamicArray,insert_front,100,1,145500
update,DynamicArray,insert_front,100,2,147900
update,DynamicArray,insert_front,100,3,140800
update,DynamicArray,insert_front,100,4,140200
update,DynamicArray,insert_front,100,5,140000
update,LinkedList,insert_front,100,1,30600
update,LinkedList,insert_front,100,2,30300
update,LinkedList,insert_front,100,3,30300
update,LinkedList,insert_front,100,4,32700
update,LinkedList,insert_front,100,5,33000
update,DynamicArray,remove_front,100,1,37400
update,DynamicArray,remove_front,100,2,34800
update,DynamicArray,remove_front,100,3,34400
update,DynamicArray,remove_front,100,4,34400
update,DynamicArray,remove_front,100,5,34600
update,LinkedList,remove_front,100,1,27600
update,LinkedList,remove_front,100,2,27400
update,LinkedList,remove_front,100,3,27400
update,LinkedList,remove_front,100,4,27600
update,LinkedList,remove_front,100,5,27300
update,DynamicArray,insert_middle,100,1,198700
update,DynamicArray,insert_middle,100,2,133000
update,DynamicArray,insert_middle,100,3,134200
update,DynamicArray,insert_middle,100,4,135400
update,DynamicArray,insert_middle,100,5,130800
update,LinkedList,insert_middle,100,1,85800
update,LinkedList,insert_middle,100,2,79700
update,LinkedList,insert_middle,100,3,81000
update,LinkedList,insert_middle,100,4,83300
update,LinkedList,insert_middle,100,5,80500
update,DynamicArray,remove_middle,100,1,31500
update,DynamicArray,remove_middle,100,2,30800
update,DynamicArray,remove_middle,100,3,30100
update,DynamicArray,remove_middle,100,4,30500
update,DynamicArray,remove_middle,100,5,29900
update,LinkedList,remove_middle,100,1,78800
update,LinkedList,remove_middle,100,2,78700
update,LinkedList,remove_middle,100,3,79800
update,LinkedList,remove_middle,100,4,78600
update,LinkedList,remove_middle,100,5,79400
heap,MinHeap,insert,100,1,4900
heap,MinHeap,insert,100,2,3700
heap,MinHeap,insert,100,3,3500
heap,MinHeap,insert,100,4,3200
heap,MinHeap,insert,100,5,3000
heap,MinHeap,extract,100,1,5000
heap,MinHeap,extract,100,2,4600
heap,MinHeap,extract,100,3,3700
heap,MinHeap,extract,100,4,4000
heap,MinHeap,extract,100,5,3000
random_access,DynamicArray,get,1000,1,4800
random_access,DynamicArray,get,1000,2,5200
random_access,DynamicArray,get,1000,3,5400
random_access,DynamicArray,get,1000,4,5300
random_access,DynamicArray,get,1000,5,4800
random_access,LinkedList,get,1000,1,5557800
random_access,LinkedList,get,1000,2,5506900
random_access,LinkedList,get,1000,3,5529800
random_access,LinkedList,get,1000,4,5475500
random_access,LinkedList,get,1000,5,5461100
search,DynamicArray,contains,1000,1,199000
search,DynamicArray,contains,1000,2,137800
search,DynamicArray,contains,1000,3,139600
search,DynamicArray,contains,1000,4,138900
search,DynamicArray,contains,1000,5,139200
search,LinkedList,contains,1000,1,964500
search,LinkedList,contains,1000,2,964500
search,LinkedList,contains,1000,3,964000
search,LinkedList,contains,1000,4,963300
search,LinkedList,contains,1000,5,973000
update,DynamicArray,insert_front,1000,1,300800
update,DynamicArray,insert_front,1000,2,295900
update,DynamicArray,insert_front,1000,3,295200
update,DynamicArray,insert_front,1000,4,295700
update,DynamicArray,insert_front,1000,5,296200
update,LinkedList,insert_front,1000,1,28200
update,LinkedList,insert_front,1000,2,30600
update,LinkedList,insert_front,1000,3,27900
update,LinkedList,insert_front,1000,4,30700
update,LinkedList,insert_front,1000,5,27900
update,DynamicArray,remove_front,1000,1,120200
update,DynamicArray,remove_front,1000,2,117900
update,DynamicArray,remove_front,1000,3,118300
update,DynamicArray,remove_front,1000,4,116600
update,DynamicArray,remove_front,1000,5,116100
update,LinkedList,remove_front,1000,1,24500
update,LinkedList,remove_front,1000,2,24300
update,LinkedList,remove_front,1000,3,26400
update,LinkedList,remove_front,1000,4,24000
update,LinkedList,remove_front,1000,5,24100
update,DynamicArray,insert_middle,1000,1,208300
update,DynamicArray,insert_middle,1000,2,209400
update,DynamicArray,insert_middle,1000,3,208000
update,DynamicArray,insert_middle,1000,4,208500
update,DynamicArray,insert_middle,1000,5,209500
update,LinkedList,insert_middle,1000,1,604400
update,LinkedList,insert_middle,1000,2,606000
update,LinkedList,insert_middle,1000,3,607500
update,LinkedList,insert_middle,1000,4,603100
update,LinkedList,insert_middle,1000,5,605800
update,DynamicArray,remove_middle,1000,1,73500
update,DynamicArray,remove_middle,1000,2,72000
update,DynamicArray,remove_middle,1000,3,72300
update,DynamicArray,remove_middle,1000,4,73500
update,DynamicArray,remove_middle,1000,5,72200
update,LinkedList,remove_middle,1000,1,618300
update,LinkedList,remove_middle,1000,2,632300
update,LinkedList,remove_middle,1000,3,605300
update,LinkedList,remove_middle,1000,4,605600
update,LinkedList,remove_middle,1000,5,602700
heap,MinHeap,insert,1000,1,31400
heap,MinHeap,insert,1000,2,36000
heap,MinHeap,insert,1000,3,34800
heap,MinHeap,insert,1000,4,37300
heap,MinHeap,insert,1000,5,38500
heap,MinHeap,extract,1000,1,67400
heap,MinHeap,extract,1000,2,65000
heap,MinHeap,extract,1000,3,54600
heap,MinHeap,extract,1000,4,54700
heap,MinHeap,extract,1000,5,59800
random_access,DynamicArray,get,10000,1,4800
random_access,DynamicArray,get,10000,2,5200
random_access,DynamicArray,get,10000,3,5500
random_access,DynamicArray,get,10000,4,5200
random_access,DynamicArray,get,10000,5,5300
random_access,LinkedList,get,10000,1,58346100
random_access,LinkedList,get,10000,2,57455300
random_access,LinkedList,get,10000,3,58649800
random_access,LinkedList,get,10000,4,57761200
random_access,LinkedList,get,10000,5,58380300
search,DynamicArray,contains,10000,1,2626500
search,DynamicArray,contains,10000,2,1113200
search,DynamicArray,contains,10000,3,1117900
search,DynamicArray,contains,10000,4,1119100
search,DynamicArray,contains,10000,5,1109300
search,LinkedList,contains,10000,1,9498000
search,LinkedList,contains,10000,2,9749900
search,LinkedList,contains,10000,3,9818200
search,LinkedList,contains,10000,4,9514300
search,LinkedList,contains,10000,5,9458200
update,DynamicArray,insert_front,10000,1,2062600
update,DynamicArray,insert_front,10000,2,2072700
update,DynamicArray,insert_front,10000,3,2519500
update,DynamicArray,insert_front,10000,4,2247000
update,DynamicArray,insert_front,10000,5,2105400
update,LinkedList,insert_front,10000,1,28500
update,LinkedList,insert_front,10000,2,29000
update,LinkedList,insert_front,10000,3,26700
update,LinkedList,insert_front,10000,4,31100
update,LinkedList,insert_front,10000,5,38700
update,DynamicArray,remove_front,10000,1,1806500
update,DynamicArray,remove_front,10000,2,2629300
update,DynamicArray,remove_front,10000,3,1844100
update,DynamicArray,remove_front,10000,4,1823700
update,DynamicArray,remove_front,10000,5,2074400
update,LinkedList,remove_front,10000,1,26000
update,LinkedList,remove_front,10000,2,29700
update,LinkedList,remove_front,10000,3,22100
update,LinkedList,remove_front,10000,4,23500
update,LinkedList,remove_front,10000,5,26100
update,DynamicArray,insert_middle,10000,1,997300
update,DynamicArray,insert_middle,10000,2,1026900
update,DynamicArray,insert_middle,10000,3,1010200
update,DynamicArray,insert_middle,10000,4,1023400
update,DynamicArray,insert_middle,10000,5,1009900
update,LinkedList,insert_middle,10000,1,5875300
update,LinkedList,insert_middle,10000,2,5916700
update,LinkedList,insert_middle,10000,3,6078500
update,LinkedList,insert_middle,10000,4,6270500
update,LinkedList,insert_middle,10000,5,6208100
update,DynamicArray,remove_middle,10000,1,824000
update,DynamicArray,remove_middle,10000,2,830600
update,DynamicArray,remove_middle,10000,3,825700
update,DynamicArray,remove_middle,10000,4,824400
update,DynamicArray,remove_middle,10000,5,830100
update,LinkedList,remove_middle,10000,1,5920900
update,LinkedList,remove_middle,10000,2,5939300
update,LinkedList,remove_middle,10000,3,5947400
update,LinkedList,remove_middle,10000,4,5960000
update,LinkedList,remove_middle,10000,5,5989000
heap,MinHeap,insert,10000,1,351400
heap,MinHeap,insert,10000,2,158900
heap,MinHeap,insert,10000,3,144000
heap,MinHeap,insert,10000,4,148700
heap,MinHeap,insert,10000,5,137900
heap,MinHeap,extract,10000,1,546700
heap,MinHeap,extract,10000,2,550700
heap,MinHeap,extract,10000,3,531800
heap,MinHeap,extract,10000,4,533100
heap,MinHeap,extract,10000,5,529600
random_access,DynamicArray,get,100000,1,7900
random_access,DynamicArray,get,100000,2,8300
random_access,DynamicArray,get,100000,3,11800
random_access,DynamicArray,get,100000,4,9500
random_access,DynamicArray,get,100000,5,7900
random_access,LinkedList,get,100000,1,602558800
random_access,LinkedList,get,100000,2,608209900
random_access,LinkedList,get,100000,3,588762200
random_access,LinkedList,get,100000,4,591845800
random_access,LinkedList,get,100000,5,585754300
search,DynamicArray,contains,100000,1,10821400
search,DynamicArray,contains,100000,2,11189200
search,DynamicArray,contains,100000,3,10852200
search,DynamicArray,contains,100000,4,11359300
search,DynamicArray,contains,100000,5,10644400
search,LinkedList,contains,100000,1,94524700
search,LinkedList,contains,100000,2,94277000
search,LinkedList,contains,100000,3,96128700
search,LinkedList,contains,100000,4,94521700
search,LinkedList,contains,100000,5,94800400
update,DynamicArray,insert_front,100000,1,20996300
update,DynamicArray,insert_front,100000,2,20463600
update,DynamicArray,insert_front,100000,3,21095900
update,DynamicArray,insert_front,100000,4,20797500
update,DynamicArray,insert_front,100000,5,20537400
update,LinkedList,insert_front,100000,1,49100
update,LinkedList,insert_front,100000,2,23200
update,LinkedList,insert_front,100000,3,59900
update,LinkedList,insert_front,100000,4,14600
update,LinkedList,insert_front,100000,5,5700
update,DynamicArray,remove_front,100000,1,20220700
update,DynamicArray,remove_front,100000,2,20296900
update,DynamicArray,remove_front,100000,3,19966500
update,DynamicArray,remove_front,100000,4,19945200
update,DynamicArray,remove_front,100000,5,21494300
update,LinkedList,remove_front,100000,1,44900
update,LinkedList,remove_front,100000,2,20400
update,LinkedList,remove_front,100000,3,61100
update,LinkedList,remove_front,100000,4,13900
update,LinkedList,remove_front,100000,5,6900
update,DynamicArray,insert_middle,100000,1,12342100
update,DynamicArray,insert_middle,100000,2,10041800
update,DynamicArray,insert_middle,100000,3,10558300
update,DynamicArray,insert_middle,100000,4,9939600
update,DynamicArray,insert_middle,100000,5,14316500
update,LinkedList,insert_middle,100000,1,58164500
update,LinkedList,insert_middle,100000,2,58045100
update,LinkedList,insert_middle,100000,3,59581000
update,LinkedList,insert_middle,100000,4,59786500
update,LinkedList,insert_middle,100000,5,60991400
update,DynamicArray,remove_middle,100000,1,11138700
update,DynamicArray,remove_middle,100000,2,9723400
update,DynamicArray,remove_middle,100000,3,9939200
update,DynamicArray,remove_middle,100000,4,9705400
update,DynamicArray,remove_middle,100000,5,9980600
update,LinkedList,remove_middle,100000,1,58020800
update,LinkedList,remove_middle,100000,2,57731000
update,LinkedList,remove_middle,100000,3,57825600
update,LinkedList,remove_middle,100000,4,58534400
update,LinkedList,remove_middle,100000,5,58295500
heap,MinHeap,insert,100000,1,1431100
heap,MinHeap,insert,100000,2,1418700
heap,MinHeap,insert,100000,3,1664800
heap,MinHeap,insert,100000,4,1640300
heap,MinHeap,insert,100000,5,1644200
heap,MinHeap,extract,100000,1,6586000
heap,MinHeap,extract,100000,2,7878700
heap,MinHeap,extract,100000,3,8904500
heap,MinHeap,extract,100000,4,9068100
heap,MinHeap,extract,100000,5,9070200
