workload,structure,phase,n,operations,avg_ms,metric_name,metric_avg,theory
random_access,DynamicArray,get,100,10000,0.004760,element accesses,10000,Theta(m)
random_access,LinkedList,get,100,10000,0.351520,element accesses,511327,Theta(m*n)
search,DynamicArray,contains,100,1000,0.043840,comparisons,75248,Theta(m*n)
search,LinkedList,contains,100,1000,0.127440,comparisons,75248,Theta(m*n)
update,DynamicArray,insert_front,100,1000,0.142880,element movements,601420,O(m*n + m^2)
update,LinkedList,insert_front,100,1000,0.031380,node visits,0,Theta(m)
update,DynamicArray,remove_front,100,1000,0.035120,element movements,49500,O(m*n)
update,LinkedList,remove_front,100,1000,0.027460,node visits,1000,Theta(m)
update,DynamicArray,insert_middle,100,1000,0.146420,element movements,551420,O(m*n + m^2)
update,LinkedList,insert_middle,100,1000,0.082060,node visits,50000,Theta(m*n)
update,DynamicArray,remove_middle,100,1000,0.030560,element movements,24500,O(m*n)
update,LinkedList,remove_middle,100,1000,0.079060,node visits,51000,Theta(m*n)
heap,MinHeap,insert,100,100,0.003660,heap comparisons,207,O(n log n)
heap,MinHeap,extract,100,100,0.004060,heap comparisons,845,O(n log n)
random_access,DynamicArray,get,1000,10000,0.005100,element accesses,10000,Theta(m)
random_access,LinkedList,get,1000,10000,5.506220,element accesses,5021262,Theta(m*n)
search,DynamicArray,contains,1000,1000,0.150900,comparisons,740750,Theta(m*n)
search,LinkedList,contains,1000,1000,0.965860,comparisons,740750,Theta(m*n)
update,DynamicArray,insert_front,1000,1000,0.296760,element movements,1500524,O(m*n + m^2)
update,LinkedList,insert_front,1000,1000,0.029060,node visits,0,Theta(m)
update,DynamicArray,remove_front,1000,1000,0.117820,element movements,499500,O(m*n)
update,LinkedList,remove_front,1000,1000,0.024660,node visits,1000,Theta(m)
update,DynamicArray,insert_middle,1000,1000,0.208740,element movements,1000524,O(m*n + m^2)
update,LinkedList,insert_middle,1000,1000,0.605360,node visits,500000,Theta(m*n)
update,DynamicArray,remove_middle,1000,1000,0.072700,element movements,249500,O(m*n)
update,LinkedList,remove_middle,1000,1000,0.612840,node visits,501000,Theta(m*n)
heap,MinHeap,insert,1000,1000,0.035600,heap comparisons,2207,O(n log n)
heap,MinHeap,extract,1000,1000,0.060300,heap comparisons,14988,O(n log n)
random_access,DynamicArray,get,10000,10000,0.005200,element accesses,10000,Theta(m)
random_access,LinkedList,get,10000,10000,58.118540,element accesses,50180278,Theta(m*n)
search,DynamicArray,contains,10000,1000,1.417200,comparisons,7487908,Theta(m*n)
search,LinkedList,contains,10000,1000,9.607720,comparisons,7487908,Theta(m*n)
update,DynamicArray,insert_front,10000,1000,2.201440,element movements,10499500,O(m*n + m^2)
update,LinkedList,insert_front,10000,1000,0.030800,node visits,0,Theta(m)
update,DynamicArray,remove_front,10000,1000,2.035600,element movements,9499500,O(m*n)
update,LinkedList,remove_front,10000,1000,0.025480,node visits,1000,Theta(m)
update,DynamicArray,insert_middle,10000,1000,1.013540,element movements,5499500,O(m*n + m^2)
update,LinkedList,insert_middle,10000,1000,6.069820,node visits,5000000,Theta(m*n)
update,DynamicArray,remove_middle,10000,1000,0.826960,element movements,4499500,O(m*n)
update,LinkedList,remove_middle,10000,1000,5.951320,node visits,5001000,Theta(m*n)
heap,MinHeap,insert,10000,10000,0.188180,heap comparisons,22785,O(n log n)
heap,MinHeap,extract,10000,10000,0.538380,heap comparisons,216538,O(n log n)
random_access,DynamicArray,get,100000,10000,0.009080,element accesses,10000,Theta(m)
random_access,LinkedList,get,100000,10000,595.426200,element accesses,504938617,Theta(m*n)
search,DynamicArray,contains,100000,1000,10.973300,comparisons,74802381,Theta(m*n)
search,LinkedList,contains,100000,1000,94.850500,comparisons,74802381,Theta(m*n)
update,DynamicArray,insert_front,100000,1000,20.778140,element movements,100499500,O(m*n + m^2)
update,LinkedList,insert_front,100000,1000,0.030500,node visits,0,Theta(m)
update,DynamicArray,remove_front,100000,1000,20.384720,element movements,99499500,O(m*n)
update,LinkedList,remove_front,100000,1000,0.029440,node visits,1000,Theta(m)
update,DynamicArray,insert_middle,100000,1000,11.439660,element movements,50499500,O(m*n + m^2)
update,LinkedList,insert_middle,100000,1000,59.313700,node visits,50000000,Theta(m*n)
update,DynamicArray,remove_middle,100000,1000,10.097460,element movements,49499500,O(m*n)
update,LinkedList,remove_middle,100000,1000,58.081460,node visits,50001000,Theta(m*n)
heap,MinHeap,insert,100000,100000,1.559820,heap comparisons,228937,O(n log n)
heap,MinHeap,extract,100000,100000,8.301500,heap comparisons,2831440,O(n log n)
